theta0,theta1
8276.483907904982,-0.019327070530820653
